,approved_at_utc,subreddit,selftext,author_fullname,saved,mod_reason_title,gilded,clicked,title,link_flair_richtext,subreddit_name_prefixed,collections,hidden,pwls,link_flair_css_class,downs,thumbnail_height,top_awarded_type,hide_score,name,quarantine,link_flair_text_color,upvote_ratio,author_flair_background_color,subreddit_type,ups,total_awards_received,media_embed,thumbnail_width,author_flair_template_id,is_original_content,user_reports,secure_media,is_reddit_media_domain,is_meta,category,secure_media_embed,link_flair_text,can_mod_post,score,approved_by,is_created_from_ads_ui,author_premium,thumbnail,edited,author_flair_css_class,author_flair_richtext,gildings,content_categories,is_self,mod_note,created,link_flair_type,wls,removed_by_category,banned_by,author_flair_type,domain,allow_live_comments,selftext_html,likes,suggested_sort,banned_at_utc,view_count,archived,no_follow,is_crosspostable,pinned,over_18,all_awardings,awarders,media_only,link_flair_template_id,can_gild,spoiler,locked,author_flair_text,treatment_tags,visited,removed_by,num_reports,distinguished,subreddit_id,author_is_blocked,mod_reason_by,removal_reason,link_flair_background_color,id,is_robot_indexable,report_reasons,author,discussion_type,num_comments,send_replies,whitelist_status,contest_mode,mod_reports,author_patreon_flair,author_flair_text_color,permalink,parent_whitelist_status,stickied,url,subreddit_subscribers,created_utc,num_crossposts,media,is_video,post_hint,url_overridden_by_dest,preview
0,,bipolar,"Many people experience increased mania during the summer months. Even if that isn't you, or you happen to be on the other hemisphere, we invite you to discuss your coping skills for mania.",t2_1jlqv7gx,False,,0,False,Mania Coping Skills,"[{'e': 'text', 't': 'Community Discussion'}]",r/bipolar,"[{'permalink': 'https://www.reddit.com/r/bipolar/collection/3c7c2145-4917-413f-83dc-1fe3a7aff44b', 'link_ids': ['t3_wgzacr', 't3_x7f93k', 't3_ydh8xi', 't3_yjqx9f', 't3_za33iv', 't3_100dfl4', 't3_10ql3gi', 't3_1409xqw'], 'description': '', 'title': 'Community Outreach Posts', 'created_at_utc': 1659715423.065, 'subreddit_id': 't5_2qnv4', 'author_name': 'CrazySnek_13', 'collection_id': '3c7c2145-4917-413f-83dc-1fe3a7aff44b', 'author_id': 't2_5hi7cvxp', 'last_update_utc': 1686064336.831, 'display_layout': None}]",False,,communityDiscussion,0,,,False,t3_1409xqw,False,light,0.98,#00a6a5,public,46,0,{},,344db402-e521-11ec-ab92-9eb6deddf280,False,[],,False,False,,{},Community Discussion,False,46,,False,False,self,1686142611.0,,"[{'e': 'text', 't': 'Professional Psych Patient'}]",{},,True,,1685877406.0,richtext,,,,richtext,self.bipolar,False,"&lt;!-- SC_OFF --&gt;&lt;div class=""md""&gt;&lt;p&gt;Many people experience increased mania during the summer months. Even if that isn&amp;#39;t you, or you happen to be on the other hemisphere, we invite you to discuss your coping skills for mania.&lt;/p&gt;
&lt;/div&gt;&lt;!-- SC_ON --&gt;",,top,,,False,False,False,False,False,[],[],False,4fb60f30-2ac9-11ed-9965-a2b383892baa,False,False,False,Professional Psych Patient,[],False,,,moderator,t5_2qnv4,False,,,#84a29f,1409xqw,True,,Girl_in_Beige,,30,True,,False,[],False,dark,/r/bipolar/comments/1409xqw/mania_coping_skills/,,True,https://www.reddit.com/r/bipolar/comments/1409xqw/mania_coping_skills/,196221,1685877406.0,0,,False,,,
1,,bipolar,"Hey, you wonderful mods! Maybe you have already posted this somewhere, but will you be joining the Reddit blackout? This subreddit is crucial for a lot of people suffering here and depend on the discussions, tips, success stories etc.",t2_ouvwh,False,,0,False,"Mods, will this Subreddit join the Blackout?","[{'e': 'text', 't': 'Meta'}]",r/bipolar,,False,,,0,,,False,t3_1444a6x,False,light,1.0,#ecb493,public,27,0,{},,d7d50712-4eee-11e1-9b3f-12313b08a511,False,[],,False,False,,{},Meta,False,27,,False,False,self,False,,"[{'e': 'text', 't': 'Bipolar + Comorbidities'}]",{},,True,,1686216043.0,richtext,,,,richtext,self.bipolar,False,"&lt;!-- SC_OFF --&gt;&lt;div class=""md""&gt;&lt;p&gt;Hey, you wonderful mods! Maybe you have already posted this somewhere, but will you be joining the Reddit blackout? This subreddit is crucial for a lot of people suffering here and depend on the discussions, tips, success stories etc.&lt;/p&gt;
&lt;/div&gt;&lt;!-- SC_ON --&gt;",,top,,,False,False,False,False,False,[],[],False,e0b176ec-1fe7-11ed-90e8-fa53d4794172,False,False,False,Bipolar + Comorbidities,[],False,,,,t5_2qnv4,False,,,#a4d53a,1444a6x,True,,echrost,,13,True,,False,[],False,light,/r/bipolar/comments/1444a6x/mods_will_this_subreddit_join_the_blackout/,,True,https://www.reddit.com/r/bipolar/comments/1444a6x/mods_will_this_subreddit_join_the_blackout/,196221,1686216043.0,0,,False,,,
2,,bipolar,,t2_sppj2mcf,False,,0,False,The thin line of sanity is probably just hypomania,"[{'e': 'text', 't': 'Just Sharing'}]",r/bipolar,,False,,,0,140.0,,False,t3_1482lug,False,light,1.0,,public,47,0,{},140.0,,False,[],,True,False,,{},Just Sharing,False,47,,False,False,https://b.thumbs.redditmedia.com/PNNMd70S33pmrj5ZEyhO3CnVXuwbIQrY1rrriH0CPGw.jpg,False,,[],{},,False,,1686618132.0,richtext,,,,text,i.redd.it,False,,,top,,,False,False,False,False,False,[],[],False,19cabdb6-e9ed-11ec-b83a-029c2d035f04,False,False,False,,[],False,,,,t5_2qnv4,False,,,#fa8072,1482lug,True,,lgohoney,,0,True,,False,[],False,,/r/bipolar/comments/1482lug/the_thin_line_of_sanity_is_probably_just_hypomania/,,False,https://i.redd.it/6wygzrzmpo5b1.jpg,196221,1686618132.0,0,,False,image,https://i.redd.it/6wygzrzmpo5b1.jpg,"{'images': [{'source': {'url': 'https://preview.redd.it/6wygzrzmpo5b1.jpg?auto=webp&amp;v=enabled&amp;s=b30b8ff0818b7ca9a155882cce40a4d17dc4ddce', 'width': 3072, 'height': 3072}, 'resolutions': [{'url': 'https://preview.redd.it/6wygzrzmpo5b1.jpg?width=108&amp;crop=smart&amp;auto=webp&amp;v=enabled&amp;s=1490ee2cc6c790756142fc854658664d0a1d688b', 'width': 108, 'height': 108}, {'url': 'https://preview.redd.it/6wygzrzmpo5b1.jpg?width=216&amp;crop=smart&amp;auto=webp&amp;v=enabled&amp;s=37493d3fd469268233e6c5fdda46883ad940d17e', 'width': 216, 'height': 216}, {'url': 'https://preview.redd.it/6wygzrzmpo5b1.jpg?width=320&amp;crop=smart&amp;auto=webp&amp;v=enabled&amp;s=1412bfc50ec3d72fe9f0df3f23991abc9d007400', 'width': 320, 'height': 320}, {'url': 'https://preview.redd.it/6wygzrzmpo5b1.jpg?width=640&amp;crop=smart&amp;auto=webp&amp;v=enabled&amp;s=983c85e7b4ecf16c0a95964ad1ddb3235329d80a', 'width': 640, 'height': 640}, {'url': 'https://preview.redd.it/6wygzrzmpo5b1.jpg?width=960&amp;crop=smart&amp;auto=webp&amp;v=enabled&amp;s=19e5af1eec3eaad6edac6e2839ff169dfb587cf3', 'width': 960, 'height': 960}, {'url': 'https://preview.redd.it/6wygzrzmpo5b1.jpg?width=1080&amp;crop=smart&amp;auto=webp&amp;v=enabled&amp;s=32f06dbfd6e9be58b12562da67b5520499ee4869', 'width': 1080, 'height': 1080}], 'variants': {}, 'id': '7SW2nghuR323py7dRoGkdf6DIy0gi3nmWxUH-yrarwQ'}], 'enabled': True}"
3,,bipolar,"I‚Äôve been stable for 1 year and I will wait two more before deciding to go back to school. If I have another episode, I‚Äôll pick a different 
career path. But I‚Äôm properly medicated and recovering from a manic episode/psychosis. I‚Äôve had three episodes and I think they‚Äôre still fresh on everyone‚Äôs mind. Are there any successful professionals out there who can attest to the value of pursuing one‚Äôs goals despite having bipolar disorder?",t2_t5sgb2w5,False,,0,False,I want to become a psychiatrist and my family is discouraging me due to my bipolar diagnosis.,"[{'e': 'text', 't': 'Discussion '}, {'a': ':nervous:', 'e': 'emoji', 'u': 'https://emoji.redditmedia.com/v9pgzsvbd9za1_t5_2qnv4/nervous'}]",r/bipolar,,False,,,0,,,False,t3_147uvy3,False,light,1.0,,public,119,0,{},,,False,[],,False,False,,{},Discussion :nervous:,False,119,,False,False,self,False,,[],{},,True,,1686596803.0,richtext,,,,text,self.bipolar,False,"&lt;!-- SC_OFF --&gt;&lt;div class=""md""&gt;&lt;p&gt;I‚Äôve been stable for 1 year and I will wait two more before deciding to go back to school. If I have another episode, I‚Äôll pick a different 
career path. But I‚Äôm properly medicated and recovering from a manic episode/psychosis. I‚Äôve had three episodes and I think they‚Äôre still fresh on everyone‚Äôs mind. Are there any successful professionals out there who can attest to the value of pursuing one‚Äôs goals despite having bipolar disorder?&lt;/p&gt;
&lt;/div&gt;&lt;!-- SC_ON --&gt;",,,,,False,False,False,False,False,[],[],False,8885c358-e44e-11ec-9bf1-c6e6c22e188f,False,False,False,,[],False,,,,t5_2qnv4,False,,,#a37bdb,147uvy3,True,,A01939014,,93,True,,False,[],False,,/r/bipolar/comments/147uvy3/i_want_to_become_a_psychiatrist_and_my_family_is/,,False,https://www.reddit.com/r/bipolar/comments/147uvy3/i_want_to_become_a_psychiatrist_and_my_family_is/,196221,1686596803.0,0,,False,,,
4,,bipolar,"Has anyone else experienced this? My old psychiatrist started acting like I didn‚Äôt have bipolar I because all the pills and severe lifestyle changes helped even my moods and shorten my psychotic episodes and started referring to me as having moderate depression. Why? Because my mood seemed typically low when she saw me once every four months for a single year, I wasn‚Äôt ranting and raving like a lunatic in her office and I hadn‚Äôt been hospitalized between appointments (-: 

I just got set up with a new psychiatrist on Friday(whose whole situation is weird and strange) and despite listing my previous diagnosis and mental health several separate times, digitally, in writing, and spoken, they have me as ‚Äòrecurrent depression - mild to moderate‚Äô. 

I guess I should be glad but it just feels like I‚Äôm being disregarded somehow. Not just how hard I work every single day to keep this shitshow on the road, but all the awful shit behind me. I think I‚Äôm just tripped up because I can‚Äôt cope with ‚Äònot being taken seriously‚Äô and that‚Äôs exactly what this feels like.",t2_anblhnxx,False,,0,False,PSYCHIATRIST says I‚Äôm no longer bipolar because of management,"[{'e': 'text', 't': 'Rant '}, {'a': ':angry-cry:', 'e': 'emoji', 'u': 'https://emoji.redditmedia.com/kns090pd89za1_t5_2qnv4/angry-cry'}]",r/bipolar,,False,,,0,,,False,t3_147tv3g,False,light,0.97,,public,99,0,{},,,False,[],,False,False,,{},Rant :angry-cry:,False,99,,False,False,self,False,,[],{},,True,,1686594165.0,richtext,,,,text,self.bipolar,False,"&lt;!-- SC_OFF --&gt;&lt;div class=""md""&gt;&lt;p&gt;Has anyone else experienced this? My old psychiatrist started acting like I didn‚Äôt have bipolar I because all the pills and severe lifestyle changes helped even my moods and shorten my psychotic episodes and started referring to me as having moderate depression. Why? Because my mood seemed typically low when she saw me once every four months for a single year, I wasn‚Äôt ranting and raving like a lunatic in her office and I hadn‚Äôt been hospitalized between appointments (-: &lt;/p&gt;

&lt;p&gt;I just got set up with a new psychiatrist on Friday(whose whole situation is weird and strange) and despite listing my previous diagnosis and mental health several separate times, digitally, in writing, and spoken, they have me as ‚Äòrecurrent depression - mild to moderate‚Äô. &lt;/p&gt;

&lt;p&gt;I guess I should be glad but it just feels like I‚Äôm being disregarded somehow. Not just how hard I work every single day to keep this shitshow on the road, but all the awful shit behind me. I think I‚Äôm just tripped up because I can‚Äôt cope with ‚Äònot being taken seriously‚Äô and that‚Äôs exactly what this feels like.&lt;/p&gt;
&lt;/div&gt;&lt;!-- SC_ON --&gt;",,top,,,False,False,False,False,False,[],[],False,e3c5a90c-37c5-11ed-be75-f6def89c9511,False,False,False,,[],False,,,,t5_2qnv4,False,,,#f95644,147tv3g,True,,transrambo,,58,True,,False,[],False,,/r/bipolar/comments/147tv3g/psychiatrist_says_im_no_longer_bipolar_because_of/,,False,https://www.reddit.com/r/bipolar/comments/147tv3g/psychiatrist_says_im_no_longer_bipolar_because_of/,196221,1686594165.0,0,,False,,,
5,,bipolar,"I just needed to share this with people who understand. I‚Äôve been seeing my new psychiatrist for the last year and I love her. For the first time ever I‚Äôm actually on the right meds and I‚Äôm improving. My husband told me he sees such a difference now. It‚Äôs nice to finally start getting my life back to ‚Äúnormal‚Äù. 

I don‚Äôt know why I‚Äôm posting this but I just wanted to share with you guys that it is possible. It‚Äôs possible to not have so many episodes and to live a relatively normal life. I have bipolar 2 so I guess I can‚Äôt talk for everyone but I just wanted to let people know it‚Äôs possible.",t2_29wkz9h2,False,,0,False,Psychiatrist says I‚Äôm improving,"[{'e': 'text', 't': 'Just Sharing'}]",r/bipolar,,False,,,0,,,False,t3_14822t5,False,light,0.95,,public,27,0,{},,,False,[],,False,False,,{},Just Sharing,False,27,,False,False,self,False,,[],{},,True,,1686616501.0,richtext,,,,text,self.bipolar,False,"&lt;!-- SC_OFF --&gt;&lt;div class=""md""&gt;&lt;p&gt;I just needed to share this with people who understand. I‚Äôve been seeing my new psychiatrist for the last year and I love her. For the first time ever I‚Äôm actually on the right meds and I‚Äôm improving. My husband told me he sees such a difference now. It‚Äôs nice to finally start getting my life back to ‚Äúnormal‚Äù. &lt;/p&gt;

&lt;p&gt;I don‚Äôt know why I‚Äôm posting this but I just wanted to share with you guys that it is possible. It‚Äôs possible to not have so many episodes and to live a relatively normal life. I have bipolar 2 so I guess I can‚Äôt talk for everyone but I just wanted to let people know it‚Äôs possible.&lt;/p&gt;
&lt;/div&gt;&lt;!-- SC_ON --&gt;",,,,,False,False,False,False,False,[],[],False,19cabdb6-e9ed-11ec-b83a-029c2d035f04,False,False,False,,[],False,,,,t5_2qnv4,False,,,#fa8072,14822t5,True,,mamabear1207,,9,True,,False,[],False,,/r/bipolar/comments/14822t5/psychiatrist_says_im_improving/,,False,https://www.reddit.com/r/bipolar/comments/14822t5/psychiatrist_says_im_improving/,196221,1686616501.0,0,,False,,,
6,,bipolar,Anyone else just wanna be outside when they‚Äôre manic lol. I‚Äôm not a nature person at all but lately just been loving chilling outside. Been wanting to go on a hike and stuff lol.,t2_4ntgs1bp,False,,0,False,Crave being in nature when manic,"[{'e': 'text', 't': 'Just Sharing'}]",r/bipolar,,False,,,0,,,False,t3_14837g4,False,light,0.97,,public,21,0,{},,,False,[],,False,False,,{},Just Sharing,False,21,,False,False,self,False,,[],{},,True,,1686620053.0,richtext,,,,text,self.bipolar,False,"&lt;!-- SC_OFF --&gt;&lt;div class=""md""&gt;&lt;p&gt;Anyone else just wanna be outside when they‚Äôre manic lol. I‚Äôm not a nature person at all but lately just been loving chilling outside. Been wanting to go on a hike and stuff lol.&lt;/p&gt;
&lt;/div&gt;&lt;!-- SC_ON --&gt;",,,,,False,False,False,False,False,[],[],False,19cabdb6-e9ed-11ec-b83a-029c2d035f04,False,False,False,,[],False,,,,t5_2qnv4,False,,,#fa8072,14837g4,True,,ren23_,,11,True,,False,[],False,,/r/bipolar/comments/14837g4/crave_being_in_nature_when_manic/,,False,https://www.reddit.com/r/bipolar/comments/14837g4/crave_being_in_nature_when_manic/,196221,1686620053.0,0,,False,,,
7,,bipolar,"I'm on 60mg latuda, insurance suddenly says they won't cover it anymore, both the brand name and the generic Lurasidone. I've tried Goodrx and its still $1337 per refill. Which is not possible for me. My psych tried some stuff with them but its still not working. I took my last dose two nights ago and I'm worried I'm going to be effected soon. My sleep already suffered because it helps put me to sleep. If that goes, I usually go manic pretty soon. My anxietys been bad, but whether thats from withdrawal or just going thru the actual ordeal idk. I was told to contact a health advocate, because I do have good insurance and they said that person might be able to help, but I havent heard back from them yet.

 My main worry is that they'll tell me I have to switch meds. I've been on almost over 20 psychiatric medications, nothing worked except my current perfect cocktail of lithium, latuda, and lamictal. If they screw with that, then idk whats gonna happen. I've tried all the big antipsychotics and lots of lesser known ones, but the further back the generation of antipsychotics you go, the more likely the side effects are going to be severe. Has anyone been forced to stop cold turkey on latuda before? I've come down a ways on it, because i used to be on 120mg and now I'm at 60mg. I was actually hoping to slowly go to 40mg soon but not this soon.",t2_6haclcda,False,,0,False,Insurance won't refill Latuda all of a sudden and I'm totally out,"[{'e': 'text', 't': 'Support/Advice '}, {'a': ':shy:', 'e': 'emoji', 'u': 'https://emoji.redditmedia.com/r8r7jlred9za1_t5_2qnv4/shy'}]",r/bipolar,,False,,,0,,,False,t3_148033c,False,light,0.91,,public,27,0,{},,,False,[],,False,False,,{},Support/Advice :shy:,False,27,,False,False,self,False,,[],{},,True,,1686610536.0,richtext,,,,text,self.bipolar,False,"&lt;!-- SC_OFF --&gt;&lt;div class=""md""&gt;&lt;p&gt;I&amp;#39;m on 60mg latuda, insurance suddenly says they won&amp;#39;t cover it anymore, both the brand name and the generic Lurasidone. I&amp;#39;ve tried Goodrx and its still $1337 per refill. Which is not possible for me. My psych tried some stuff with them but its still not working. I took my last dose two nights ago and I&amp;#39;m worried I&amp;#39;m going to be effected soon. My sleep already suffered because it helps put me to sleep. If that goes, I usually go manic pretty soon. My anxietys been bad, but whether thats from withdrawal or just going thru the actual ordeal idk. I was told to contact a health advocate, because I do have good insurance and they said that person might be able to help, but I havent heard back from them yet.&lt;/p&gt;

&lt;p&gt;My main worry is that they&amp;#39;ll tell me I have to switch meds. I&amp;#39;ve been on almost over 20 psychiatric medications, nothing worked except my current perfect cocktail of lithium, latuda, and lamictal. If they screw with that, then idk whats gonna happen. I&amp;#39;ve tried all the big antipsychotics and lots of lesser known ones, but the further back the generation of antipsychotics you go, the more likely the side effects are going to be severe. Has anyone been forced to stop cold turkey on latuda before? I&amp;#39;ve come down a ways on it, because i used to be on 120mg and now I&amp;#39;m at 60mg. I was actually hoping to slowly go to 40mg soon but not this soon.&lt;/p&gt;
&lt;/div&gt;&lt;!-- SC_ON --&gt;",,top,,,False,False,False,False,False,[],[],False,3a0100b8-1a7b-11e3-9746-12313b04c5c2,False,False,False,,[],False,,,,t5_2qnv4,False,,,#50beb7,148033c,True,,PlagueSnake,,27,True,,False,[],False,,/r/bipolar/comments/148033c/insurance_wont_refill_latuda_all_of_a_sudden_and/,,False,https://www.reddit.com/r/bipolar/comments/148033c/insurance_wont_refill_latuda_all_of_a_sudden_and/,196221,1686610536.0,0,,False,,,
8,,bipolar,I just got back from the COOLEST music festival ever. A friend invited me out and it was awesome. I spent 6 days by a river and slept in a hammock. Gorgeous sunrises over the river with campfire coffee is something everyone needs to experience. We had the entire campground to ourselves because we were early and even ran the light shows for bands. ü§òIt‚Äôs exactly what I needed to really get in a good groove to get some stuff done. I feel way better and I‚Äôm ready to start treatment.,t2_85nhwvrl,False,,0,False,The forest is therapy,"[{'e': 'text', 't': 'Story '}, {'a': ':reading:', 'e': 'emoji', 'u': 'https://emoji.redditmedia.com/4tbk47jia9za1_t5_2qnv4/reading'}]",r/bipolar,,False,,,0,,,False,t3_147xsig,False,light,0.91,,public,28,0,{},,,False,[],,False,False,,{},Story :reading:,False,28,,False,False,self,False,,[],{},,True,,1686604249.0,richtext,,,,text,self.bipolar,False,"&lt;!-- SC_OFF --&gt;&lt;div class=""md""&gt;&lt;p&gt;I just got back from the COOLEST music festival ever. A friend invited me out and it was awesome. I spent 6 days by a river and slept in a hammock. Gorgeous sunrises over the river with campfire coffee is something everyone needs to experience. We had the entire campground to ourselves because we were early and even ran the light shows for bands. ü§òIt‚Äôs exactly what I needed to really get in a good groove to get some stuff done. I feel way better and I‚Äôm ready to start treatment.&lt;/p&gt;
&lt;/div&gt;&lt;!-- SC_ON --&gt;",,top,,,False,False,False,False,False,[],[],False,3f53b44e-c2ae-11e3-9dad-12313d06c56f,False,False,False,,[],False,,,,t5_2qnv4,False,,,#fa8072,147xsig,True,,XanduLao1943,,10,True,,False,[],False,,/r/bipolar/comments/147xsig/the_forest_is_therapy/,,False,https://www.reddit.com/r/bipolar/comments/147xsig/the_forest_is_therapy/,196221,1686604249.0,0,,False,,,
9,,bipolar,,t2_5869a8p1,False,,0,False,Just a cool band EP Album cover,"[{'e': 'text', 't': 'Non-Original Art'}]",r/bipolar,,False,,,0,140.0,,False,t3_147u7fl,False,light,0.99,,public,44,0,{},140.0,,False,[],,True,False,,{},Non-Original Art,False,44,,False,False,https://b.thumbs.redditmedia.com/HsCYyqg9Y4f3A0xPuqnL06ajqIre5BZJvugldtMN0LA.jpg,False,,[],{},,False,,1686595046.0,richtext,,,,text,i.redd.it,False,,,top,,,False,False,False,False,False,[],[],False,5b4b65aa-579e-11ed-a244-363c6966f9bc,False,False,False,,[],False,,,,t5_2qnv4,False,,,#0dd391,147u7fl,True,,PedroPolar,,2,True,,False,[],False,,/r/bipolar/comments/147u7fl/just_a_cool_band_ep_album_cover/,,False,https://i.redd.it/bpmhceuksm5b1.png,196221,1686595046.0,0,,False,image,https://i.redd.it/bpmhceuksm5b1.png,"{'images': [{'source': {'url': 'https://preview.redd.it/bpmhceuksm5b1.png?auto=webp&amp;v=enabled&amp;s=5a1a0162d101cde02acff8fa2eaad0e2af0614b1', 'width': 1920, 'height': 1920}, 'resolutions': [{'url': 'https://preview.redd.it/bpmhceuksm5b1.png?width=108&amp;crop=smart&amp;auto=webp&amp;v=enabled&amp;s=12179c479f8d81eb16451a8558be23ecfe194252', 'width': 108, 'height': 108}, {'url': 'https://preview.redd.it/bpmhceuksm5b1.png?width=216&amp;crop=smart&amp;auto=webp&amp;v=enabled&amp;s=bbd256b79dd4af8eaa7a96a5be311236c9a15067', 'width': 216, 'height': 216}, {'url': 'https://preview.redd.it/bpmhceuksm5b1.png?width=320&amp;crop=smart&amp;auto=webp&amp;v=enabled&amp;s=b123c4b6559f21a6cb7bea834fd89cc07b84b7b0', 'width': 320, 'height': 320}, {'url': 'https://preview.redd.it/bpmhceuksm5b1.png?width=640&amp;crop=smart&amp;auto=webp&amp;v=enabled&amp;s=ba62d517210b6630cd6add24e63f61cfbb0ef14e', 'width': 640, 'height': 640}, {'url': 'https://preview.redd.it/bpmhceuksm5b1.png?width=960&amp;crop=smart&amp;auto=webp&amp;v=enabled&amp;s=85da01947809f595b90302f0c49af5204a82d933', 'width': 960, 'height': 960}, {'url': 'https://preview.redd.it/bpmhceuksm5b1.png?width=1080&amp;crop=smart&amp;auto=webp&amp;v=enabled&amp;s=c7ccb5436f96959359b712143ec49f57637ffa45', 'width': 1080, 'height': 1080}], 'variants': {}, 'id': 'XW23jVHPd62dWxnbriS1pyh84JqgEbCtxNZQsdEtO5A'}], 'enabled': True}"
10,,bipolar,"hi everyone.
i‚Äôm pretty new to my diagnosis and i have a question.
i‚Äôm exhibiting many symptoms of mania but am still incredibly unhappy. is this normal? is this something else entirely? is it possible to be manic whilst depressed even slightly? 
i‚Äôm really sorry if this comes across as incorrect but i‚Äôm really struggling at the moment and need someone to reassure me. 
thank you all :)",t2_ba1xro44,False,,0,False,unhappy mania?,"[{'e': 'text', 't': 'Support/Advice '}, {'a': ':shy:', 'e': 'emoji', 'u': 'https://emoji.redditmedia.com/r8r7jlred9za1_t5_2qnv4/shy'}]",r/bipolar,,False,,,0,,,False,t3_147xjli,False,light,0.97,,public,25,0,{},,,False,[],,False,False,,{},Support/Advice :shy:,False,25,,False,False,self,False,,[],{},,True,,1686603633.0,richtext,,,,text,self.bipolar,False,"&lt;!-- SC_OFF --&gt;&lt;div class=""md""&gt;&lt;p&gt;hi everyone.
i‚Äôm pretty new to my diagnosis and i have a question.
i‚Äôm exhibiting many symptoms of mania but am still incredibly unhappy. is this normal? is this something else entirely? is it possible to be manic whilst depressed even slightly? 
i‚Äôm really sorry if this comes across as incorrect but i‚Äôm really struggling at the moment and need someone to reassure me. 
thank you all :)&lt;/p&gt;
&lt;/div&gt;&lt;!-- SC_ON --&gt;",,top,,,False,False,False,False,False,[],[],False,3a0100b8-1a7b-11e3-9746-12313b04c5c2,False,False,False,,[],False,,,,t5_2qnv4,False,,,#50beb7,147xjli,True,,silvermistsupremacy,,28,True,,False,[],False,,/r/bipolar/comments/147xjli/unhappy_mania/,,False,https://www.reddit.com/r/bipolar/comments/147xjli/unhappy_mania/,196221,1686603633.0,0,,False,,,
11,,bipolar,,t2_84dwpz65,False,,0,False,Been expirementing with colors,"[{'e': 'text', 't': 'Original Art '}, {'a': ':artist:', 'e': 'emoji', 'u': 'https://emoji.redditmedia.com/0qwk9khze9za1_t5_2qnv4/artist'}]",r/bipolar,,False,,,0,140.0,,False,t3_147wbtr,False,light,0.94,,public,24,0,{},140.0,,False,[],,True,False,,{},Original Art :artist:,False,24,,False,False,https://b.thumbs.redditmedia.com/jy7ndW-JWeEVPBFj2OpAIJjw39yC21HoPZv0ShZLEJg.jpg,False,,[],{},,False,,1686600521.0,richtext,,,,text,i.redd.it,False,,,top,,,False,False,False,False,False,[],[],False,36efd2f4-9c24-11e1-8b25-12313b07b651,False,False,False,,[],False,,,,t5_2qnv4,False,,,#50beb7,147wbtr,True,,Sauceitdown290,,1,True,,False,[],False,,/r/bipolar/comments/147wbtr/been_expirementing_with_colors/,,False,https://i.redd.it/bq2x1rf99n5b1.jpg,196221,1686600521.0,0,,False,image,https://i.redd.it/bq2x1rf99n5b1.jpg,"{'images': [{'source': {'url': 'https://preview.redd.it/bq2x1rf99n5b1.jpg?auto=webp&amp;v=enabled&amp;s=4860b9b399d804d45d059c76157a8064456b0aec', 'width': 1768, 'height': 3624}, 'resolutions': [{'url': 'https://preview.redd.it/bq2x1rf99n5b1.jpg?width=108&amp;crop=smart&amp;auto=webp&amp;v=enabled&amp;s=cb51d1c304de20472c526fa7ec34b69f4d45af6b', 'width': 108, 'height': 216}, {'url': 'https://preview.redd.it/bq2x1rf99n5b1.jpg?width=216&amp;crop=smart&amp;auto=webp&amp;v=enabled&amp;s=16526087da76f9a2b113f0910c8b46f270fdb1f1', 'width': 216, 'height': 432}, {'url': 'https://preview.redd.it/bq2x1rf99n5b1.jpg?width=320&amp;crop=smart&amp;auto=webp&amp;v=enabled&amp;s=4e7a116487d60f86852c8a30aa0c8b1843c0699e', 'width': 320, 'height': 640}, {'url': 'https://preview.redd.it/bq2x1rf99n5b1.jpg?width=640&amp;crop=smart&amp;auto=webp&amp;v=enabled&amp;s=86d7b07cff2e641e2f00d3ab33ab7e621a6c4521', 'width': 640, 'height': 1280}, {'url': 'https://preview.redd.it/bq2x1rf99n5b1.jpg?width=960&amp;crop=smart&amp;auto=webp&amp;v=enabled&amp;s=7785564e7bf09de37b3f5f91160913f9fb909e64', 'width': 960, 'height': 1920}, {'url': 'https://preview.redd.it/bq2x1rf99n5b1.jpg?width=1080&amp;crop=smart&amp;auto=webp&amp;v=enabled&amp;s=f8f6045e3600ec90d26f526ae811aeebf780c0a8', 'width': 1080, 'height': 2160}], 'variants': {}, 'id': 'SHSmAyX5btdyEr7XmhIIFBLAqRWEabv2WAwXKQDGOUA'}], 'enabled': True}"
12,,bipolar,"Hi there, I recently came in terms with my bipolar disorder. Just want to express myself here, because the feeling of loneliess and hopelessness I'm experiencing, because there is no one around me in my life who really understands. 


 I recently ruined my path towards my dream career. 
I thought I must be stupid. I thought I must be so mentally, physically, emotionall weak for not being able to keep it up. But that wasn't it.  It was because I had bipolar disorder all this time. My bipolar episodes had caused significant impact on my academic performances. 


It's a mix of feeling of hopelessness and anger towards mtself. 
I just started on lamotrigine, which will take awhile to kick in. I guess I gotta wait on that. 


That is all. I just feel a little better that there is this subreddit and people understands. Thanks guys",t2_lajgx19j,False,,0,False,I learned that I'm not stupid and weak; I'm just bipolar with other mental issues,"[{'e': 'text', 't': 'Just Sharing'}]",r/bipolar,,False,,,0,,,False,t3_1482sse,False,light,1.0,,public,9,0,{},,,False,[],,False,False,,{},Just Sharing,False,9,,False,False,self,False,,[],{},,True,,1686618742.0,richtext,,,,text,self.bipolar,False,"&lt;!-- SC_OFF --&gt;&lt;div class=""md""&gt;&lt;p&gt;Hi there, I recently came in terms with my bipolar disorder. Just want to express myself here, because the feeling of loneliess and hopelessness I&amp;#39;m experiencing, because there is no one around me in my life who really understands. &lt;/p&gt;

&lt;p&gt;I recently ruined my path towards my dream career. 
I thought I must be stupid. I thought I must be so mentally, physically, emotionall weak for not being able to keep it up. But that wasn&amp;#39;t it.  It was because I had bipolar disorder all this time. My bipolar episodes had caused significant impact on my academic performances. &lt;/p&gt;

&lt;p&gt;It&amp;#39;s a mix of feeling of hopelessness and anger towards mtself. 
I just started on lamotrigine, which will take awhile to kick in. I guess I gotta wait on that. &lt;/p&gt;

&lt;p&gt;That is all. I just feel a little better that there is this subreddit and people understands. Thanks guys&lt;/p&gt;
&lt;/div&gt;&lt;!-- SC_ON --&gt;",,top,,,False,False,False,False,False,[],[],False,19cabdb6-e9ed-11ec-b83a-029c2d035f04,False,False,False,,[],False,,,,t5_2qnv4,False,,,#fa8072,1482sse,True,,failingmed9000,,2,True,,False,[],False,,/r/bipolar/comments/1482sse/i_learned_that_im_not_stupid_and_weak_im_just/,,False,https://www.reddit.com/r/bipolar/comments/1482sse/i_learned_that_im_not_stupid_and_weak_im_just/,196221,1686618742.0,0,,False,,,
13,,bipolar,"i woke up tangled in the sheets next to my love. 
i took my medicine, though with a watered down diet coke from the previous night, i took them. 
i tidied up my bed. i didn‚Äôt make it, but i fixed it up. 
i brushed my teeth and my hair. looked at myself in the mirror as i did. i wasn‚Äôt as mean this time. i was indifferent instead. 
i stretched and cracked my back. 
i washed my face, moisturized even. 
i have yet to shower, yet to clean the house, and yet to change out of my pjs. but,
i did good today.",t2_7q3nyj0ob,False,,0,False,i did good today.,"[{'e': 'text', 't': 'Just Sharing'}]",r/bipolar,,False,,,0,,,False,t3_147sj2b,False,light,0.97,,public,36,0,{},,,False,[],,False,False,,{},Just Sharing,False,36,,False,False,self,False,,[],{},,True,,1686590715.0,richtext,,,,text,self.bipolar,False,"&lt;!-- SC_OFF --&gt;&lt;div class=""md""&gt;&lt;p&gt;i woke up tangled in the sheets next to my love. 
i took my medicine, though with a watered down diet coke from the previous night, i took them. 
i tidied up my bed. i didn‚Äôt make it, but i fixed it up. 
i brushed my teeth and my hair. looked at myself in the mirror as i did. i wasn‚Äôt as mean this time. i was indifferent instead. 
i stretched and cracked my back. 
i washed my face, moisturized even. 
i have yet to shower, yet to clean the house, and yet to change out of my pjs. but,
i did good today.&lt;/p&gt;
&lt;/div&gt;&lt;!-- SC_ON --&gt;",,top,,,False,False,False,False,False,[],[],False,19cabdb6-e9ed-11ec-b83a-029c2d035f04,False,False,False,,[],False,,,,t5_2qnv4,False,,,#fa8072,147sj2b,True,,iirishera,,4,True,,False,[],False,,/r/bipolar/comments/147sj2b/i_did_good_today/,,False,https://www.reddit.com/r/bipolar/comments/147sj2b/i_did_good_today/,196221,1686590715.0,0,,False,,,
14,,bipolar,"Last September I was diagnosed at the age of 25 with Bipolar 1. I was soon put on medication which I have been on for a total of nine months now. I haven‚Äôt had a manic episode or even hypomania in a while, I can‚Äôt even really remember the last time I had a depressive episode. It‚Äôs starting to trip me out though because now it feels like I‚Äôve been faking this disorder the whole time. But then again, I have to remind myself that my meds are working and that‚Äôs why I haven‚Äôt had any episodes. Does that make sense?",t2_1ophlgku,False,,0,False,My meds are working really well.,"[{'e': 'text', 't': 'Just Sharing'}]",r/bipolar,,False,,,0,,,False,t3_147v7zq,False,light,0.91,#ecb493,public,22,0,{},,d7d50712-4eee-11e1-9b3f-12313b08a511,False,[],,False,False,,{},Just Sharing,False,22,,False,False,self,False,,"[{'e': 'text', 't': 'Bipolar + Comorbidities'}]",{},,True,,1686597706.0,richtext,,,,richtext,self.bipolar,False,"&lt;!-- SC_OFF --&gt;&lt;div class=""md""&gt;&lt;p&gt;Last September I was diagnosed at the age of 25 with Bipolar 1. I was soon put on medication which I have been on for a total of nine months now. I haven‚Äôt had a manic episode or even hypomania in a while, I can‚Äôt even really remember the last time I had a depressive episode. It‚Äôs starting to trip me out though because now it feels like I‚Äôve been faking this disorder the whole time. But then again, I have to remind myself that my meds are working and that‚Äôs why I haven‚Äôt had any episodes. Does that make sense?&lt;/p&gt;
&lt;/div&gt;&lt;!-- SC_ON --&gt;",,top,,,False,False,False,False,False,[],[],False,19cabdb6-e9ed-11ec-b83a-029c2d035f04,False,False,False,Bipolar + Comorbidities,[],False,,,,t5_2qnv4,False,,,#fa8072,147v7zq,True,,tspofcharity,,15,True,,False,[],False,light,/r/bipolar/comments/147v7zq/my_meds_are_working_really_well/,,False,https://www.reddit.com/r/bipolar/comments/147v7zq/my_meds_are_working_really_well/,196221,1686597706.0,0,,False,,,
15,,bipolar,"For Context: I have been diagnosed with PTSD and BP-1 Disorder. I normally do sublingual tablets under the tongue for my ketamine treatments (prescription) that I do at my house. But as the anniversary of the PTSD-related trauma is happening this week, he referred me to do an IV ketamine infusion instead. I've also done nebulizer treatments with him. 

It was a completely different experience with ketamine in the IV treatment I've never experienced before when comparing to the nebulizer treatment and the sublingual tablets. There was an anesthesiologist on staff that talked to me before, we did a 40mg infusion, which I told him I didn't want to do anymore than that since he said he a low dosage of ketamine would most likely be more intense than what i've experienced before with other treatments. He was right...but it was in a good way.

It was the first time I was ever able to 'completely' dissociate away from reality, and was able to revisit the trauma surrounding my PTSD...but while I was under that 'spell' it felt like I was in a mentally safe space to be able to go back to some intense trauma-related emotions about it. Definitely cried (not like sobbing or anything out of control) during most of the treatment infusion time, which hasn't happened with me with the nebulizer or sublingual tablet treatments. The anesthesiologist checked in on me every 5 - 10 minutes to make sure I was staying calm, and to remind me I was in a safe space and that it was okay to cry. 

It already feels like a weight has been lifted off of my chest. I've been undergoing ketamine treatments for almost two years now through my psychiatrist, and it's been helping me tremendously on my mental health journey of feeling stable and not 'spiraling'; but again, today was the first time it was IV. 

Has anyone experienced doing different types of ketamine (prescription) treatments? Did you find the IV seemed to 'work' more? 

Just wanted to share a small part of my healing journey.

&amp;#x200B;

&amp;#x200B;",t2_76r09wbt,False,,0,False,First IV Ketamine Treatment,"[{'e': 'text', 't': 'Medication üíä'}]",r/bipolar,,False,,,0,,,False,t3_147trqh,False,light,0.97,,public,25,0,{},,,False,[],,False,False,,{},Medication üíä,False,25,,False,False,self,False,,[],{},,True,,1686593927.0,richtext,,,,text,self.bipolar,False,"&lt;!-- SC_OFF --&gt;&lt;div class=""md""&gt;&lt;p&gt;For Context: I have been diagnosed with PTSD and BP-1 Disorder. I normally do sublingual tablets under the tongue for my ketamine treatments (prescription) that I do at my house. But as the anniversary of the PTSD-related trauma is happening this week, he referred me to do an IV ketamine infusion instead. I&amp;#39;ve also done nebulizer treatments with him. &lt;/p&gt;

&lt;p&gt;It was a completely different experience with ketamine in the IV treatment I&amp;#39;ve never experienced before when comparing to the nebulizer treatment and the sublingual tablets. There was an anesthesiologist on staff that talked to me before, we did a 40mg infusion, which I told him I didn&amp;#39;t want to do anymore than that since he said he a low dosage of ketamine would most likely be more intense than what i&amp;#39;ve experienced before with other treatments. He was right...but it was in a good way.&lt;/p&gt;

&lt;p&gt;It was the first time I was ever able to &amp;#39;completely&amp;#39; dissociate away from reality, and was able to revisit the trauma surrounding my PTSD...but while I was under that &amp;#39;spell&amp;#39; it felt like I was in a mentally safe space to be able to go back to some intense trauma-related emotions about it. Definitely cried (not like sobbing or anything out of control) during most of the treatment infusion time, which hasn&amp;#39;t happened with me with the nebulizer or sublingual tablet treatments. The anesthesiologist checked in on me every 5 - 10 minutes to make sure I was staying calm, and to remind me I was in a safe space and that it was okay to cry. &lt;/p&gt;

&lt;p&gt;It already feels like a weight has been lifted off of my chest. I&amp;#39;ve been undergoing ketamine treatments for almost two years now through my psychiatrist, and it&amp;#39;s been helping me tremendously on my mental health journey of feeling stable and not &amp;#39;spiraling&amp;#39;; but again, today was the first time it was IV. &lt;/p&gt;

&lt;p&gt;Has anyone experienced doing different types of ketamine (prescription) treatments? Did you find the IV seemed to &amp;#39;work&amp;#39; more? &lt;/p&gt;

&lt;p&gt;Just wanted to share a small part of my healing journey.&lt;/p&gt;

&lt;p&gt;&amp;#x200B;&lt;/p&gt;

&lt;p&gt;&amp;#x200B;&lt;/p&gt;
&lt;/div&gt;&lt;!-- SC_ON --&gt;",,,,,False,False,False,False,False,[],[],False,4a177c88-9c24-11e1-bcb4-12313b08a441,False,False,False,,[],False,,,,t5_2qnv4,False,,,#49b0e4,147trqh,True,,Brillopad8,,7,True,,False,[],False,,/r/bipolar/comments/147trqh/first_iv_ketamine_treatment/,,False,https://www.reddit.com/r/bipolar/comments/147trqh/first_iv_ketamine_treatment/,196221,1686593927.0,0,,False,,,
16,,bipolar,"I (25M) was diagnosed with bipolar at 20, after it hit a breaking point fueled by a couple years of bad decisions with drugs and alcohol. Ever since that breaking point I wasn't myself, and couldn't hold a job down for longer than 6 months. Everything would go well for a while until I had an episode and would either get fired or quit on a whim. I had another mental break last year, and after a suicide attempt decided it was time to take my life more seriously.

I started going to weekly therapy, and tried a new medication that's working better than anything else I've tried. The most important thing is actually putting what we talk about in therapy to practice. I haven't been this okay in years, and just hit the 6 month mark at my current job. I'm a favorite among coworkers, one of the most dependable workers, and was told yesterday now that I've been there for the required time I'm getting promoted!

I never thought I'd ever be able to find success in life, just because I couldn't give myself enough stability to succeed. It's not a fancy or impressive job and the promotion isn't major, but it symbolizes how far I've come in my healing process.",t2_8hxi4p8g,False,,0,False,From Not Holding a Job to Fast Tracked Promotion,"[{'e': 'text', 't': 'Success / Celebration '}, {'a': ':yay:', 'e': 'emoji', 'u': 'https://emoji.redditmedia.com/2x6k1x8sc9za1_t5_2qnv4/yay'}]",r/bipolar,,False,,,0,,,False,t3_1484f3w,False,light,1.0,,public,6,0,{},,,False,[],,False,False,,{},Success / Celebration :yay:,False,6,,False,False,nsfw,False,,[],{},,True,,1686623955.0,richtext,,,,text,self.bipolar,False,"&lt;!-- SC_OFF --&gt;&lt;div class=""md""&gt;&lt;p&gt;I (25M) was diagnosed with bipolar at 20, after it hit a breaking point fueled by a couple years of bad decisions with drugs and alcohol. Ever since that breaking point I wasn&amp;#39;t myself, and couldn&amp;#39;t hold a job down for longer than 6 months. Everything would go well for a while until I had an episode and would either get fired or quit on a whim. I had another mental break last year, and after a suicide attempt decided it was time to take my life more seriously.&lt;/p&gt;

&lt;p&gt;I started going to weekly therapy, and tried a new medication that&amp;#39;s working better than anything else I&amp;#39;ve tried. The most important thing is actually putting what we talk about in therapy to practice. I haven&amp;#39;t been this okay in years, and just hit the 6 month mark at my current job. I&amp;#39;m a favorite among coworkers, one of the most dependable workers, and was told yesterday now that I&amp;#39;ve been there for the required time I&amp;#39;m getting promoted!&lt;/p&gt;

&lt;p&gt;I never thought I&amp;#39;d ever be able to find success in life, just because I couldn&amp;#39;t give myself enough stability to succeed. It&amp;#39;s not a fancy or impressive job and the promotion isn&amp;#39;t major, but it symbolizes how far I&amp;#39;ve come in my healing process.&lt;/p&gt;
&lt;/div&gt;&lt;!-- SC_ON --&gt;",,,,,False,False,False,False,True,[],[],False,91e699a0-55de-11ea-b802-0e36861f9cd9,False,False,False,,[],False,,,,t5_2qnv4,False,,,#ee71ff,1484f3w,True,,GoodyearWrangler,,3,True,,False,[],False,,/r/bipolar/comments/1484f3w/from_not_holding_a_job_to_fast_tracked_promotion/,,False,https://www.reddit.com/r/bipolar/comments/1484f3w/from_not_holding_a_job_to_fast_tracked_promotion/,196221,1686623955.0,0,,False,,,
17,,bipolar,"Hopefully everyone can hear me out before rushing to judgment. I‚Äôm severely bipolar and have been dealing with the disorder since 2010. My wife and I have been together since 2013 and married since Oct. of 2018. Before we started dating I told her about my illness and all of the symptoms that come with it, including mania and psychosis. I tend to become manic during the holidays and start to recover in this spring. This season was the worst bout of mania I‚Äôve ever experienced. A friend of mine lives in New York and invited me up for his birthday celebration. Drinking, drugs and situations of excitement severely impact mania. My wife and I have a 14 month old, our first child together. Getting out of the house for a night in the city was incredibly exciting. The first sign of real mania was me putting my card down for a $1,400 dinner tab. The second was binge drinking. The third was buying a VIP section in the club we went to, another $5,000. I live a comfortable life but in no way do I have any business spending that much money. The last sign was when I started to take drugs. Cocaine and Molly. Things I haven‚Äôt touched for a decade. By this time I was in complete psychosis. At some point I disappeared from the group and received oral sex from someone in the club. I don‚Äôt know the person and can hardly remember it. I don‚Äôt know what to do. I‚Äôve been to multiple doctors to ensure I am clean after multiple tests for STDs. The only thing that holds me back from having peace of mind is the possibility of having HPV. It‚Äôs been since January 14th and I‚Äôve been stuck. Do I tell her and risk ruining our marriage, her ability to trust me and probably anyone else, or risk breaking up our family and seeing my son grow up with a split household? We haven‚Äôt had sex since January 14th and I‚Äôm afraid I‚Äôll never be able to touch her again. I know it‚Äôs wrong and no matter how bad I want to I can‚Äôt bring myself to do it. She is finally starting to ask why I haven‚Äôt touched her and I lied and told her it was my meds. Is this a dark secret I keep? Do I tell her? I have to think of my family. This isn‚Äôt just a post to tell me it is ok what I did. I feel shame, worthless and like I don‚Äôt deserve them. But I feel like they need me. And I certainly need them.",t2_48g2dwtp,False,,0,False,Cheated during a bout of serious mania. Looking for words of encouragement/advice/comments or anything.,"[{'e': 'text', 't': 'Support/Advice '}, {'a': ':shy:', 'e': 'emoji', 'u': 'https://emoji.redditmedia.com/r8r7jlred9za1_t5_2qnv4/shy'}]",r/bipolar,,False,,,0,,,False,t3_147q2uh,False,light,0.75,,public,38,0,{},,,False,[],,False,False,,{},Support/Advice :shy:,False,38,,False,False,self,False,,[],{},,True,,1686584508.0,richtext,,,,text,self.bipolar,True,"&lt;!-- SC_OFF --&gt;&lt;div class=""md""&gt;&lt;p&gt;Hopefully everyone can hear me out before rushing to judgment. I‚Äôm severely bipolar and have been dealing with the disorder since 2010. My wife and I have been together since 2013 and married since Oct. of 2018. Before we started dating I told her about my illness and all of the symptoms that come with it, including mania and psychosis. I tend to become manic during the holidays and start to recover in this spring. This season was the worst bout of mania I‚Äôve ever experienced. A friend of mine lives in New York and invited me up for his birthday celebration. Drinking, drugs and situations of excitement severely impact mania. My wife and I have a 14 month old, our first child together. Getting out of the house for a night in the city was incredibly exciting. The first sign of real mania was me putting my card down for a $1,400 dinner tab. The second was binge drinking. The third was buying a VIP section in the club we went to, another $5,000. I live a comfortable life but in no way do I have any business spending that much money. The last sign was when I started to take drugs. Cocaine and Molly. Things I haven‚Äôt touched for a decade. By this time I was in complete psychosis. At some point I disappeared from the group and received oral sex from someone in the club. I don‚Äôt know the person and can hardly remember it. I don‚Äôt know what to do. I‚Äôve been to multiple doctors to ensure I am clean after multiple tests for STDs. The only thing that holds me back from having peace of mind is the possibility of having HPV. It‚Äôs been since January 14th and I‚Äôve been stuck. Do I tell her and risk ruining our marriage, her ability to trust me and probably anyone else, or risk breaking up our family and seeing my son grow up with a split household? We haven‚Äôt had sex since January 14th and I‚Äôm afraid I‚Äôll never be able to touch her again. I know it‚Äôs wrong and no matter how bad I want to I can‚Äôt bring myself to do it. She is finally starting to ask why I haven‚Äôt touched her and I lied and told her it was my meds. Is this a dark secret I keep? Do I tell her? I have to think of my family. This isn‚Äôt just a post to tell me it is ok what I did. I feel shame, worthless and like I don‚Äôt deserve them. But I feel like they need me. And I certainly need them.&lt;/p&gt;
&lt;/div&gt;&lt;!-- SC_ON --&gt;",,,,,False,True,False,False,False,[],[],False,3a0100b8-1a7b-11e3-9746-12313b04c5c2,False,False,True,,[],False,,,,t5_2qnv4,False,,,#50beb7,147q2uh,True,,CryptographerOld175,,20,True,,False,[],False,,/r/bipolar/comments/147q2uh/cheated_during_a_bout_of_serious_mania_looking/,,False,https://www.reddit.com/r/bipolar/comments/147q2uh/cheated_during_a_bout_of_serious_mania_looking/,196221,1686584508.0,0,,False,,,
18,,bipolar,"i was literally just laying in bed, on my phone and started crying. just sobbing. what the fuck did i do during my manic episode. i lost my partner, the only partner who has never fucking abused me, and they treated me amazingly. i blew up at one of my friends for no reason. i spent all my money yesterday. i DRANK and im underage. i told my ed therapist i was doing so much better and she was so proud. and now here i am. my mood fucking switched in a single second. why am i like this. why does this happen. fuck.",t2_bon8nsqh,False,,0,False,i feel so broken.,"[{'e': 'text', 't': 'Rant '}, {'a': ':angry-cry:', 'e': 'emoji', 'u': 'https://emoji.redditmedia.com/kns090pd89za1_t5_2qnv4/angry-cry'}]",r/bipolar,,False,,,0,,,False,t3_147kv55,False,light,0.97,#3bbed5,public,87,0,{},,6a08e3cc-6943-11ed-9266-52e02661766c,False,[],,False,False,,{},Rant :angry-cry:,False,87,,False,False,self,False,,"[{'e': 'text', 't': 'Diagnosis Pending'}]",{},,True,,1686566217.0,richtext,,,,richtext,self.bipolar,False,"&lt;!-- SC_OFF --&gt;&lt;div class=""md""&gt;&lt;p&gt;i was literally just laying in bed, on my phone and started crying. just sobbing. what the fuck did i do during my manic episode. i lost my partner, the only partner who has never fucking abused me, and they treated me amazingly. i blew up at one of my friends for no reason. i spent all my money yesterday. i DRANK and im underage. i told my ed therapist i was doing so much better and she was so proud. and now here i am. my mood fucking switched in a single second. why am i like this. why does this happen. fuck.&lt;/p&gt;
&lt;/div&gt;&lt;!-- SC_ON --&gt;",,top,,,False,False,False,False,False,[],[],False,e3c5a90c-37c5-11ed-be75-f6def89c9511,False,False,False,Diagnosis Pending,[],False,,,,t5_2qnv4,False,,,#f95644,147kv55,True,,ClientSavings677,,20,True,,False,[],False,light,/r/bipolar/comments/147kv55/i_feel_so_broken/,,False,https://www.reddit.com/r/bipolar/comments/147kv55/i_feel_so_broken/,196221,1686566217.0,0,,False,,,
19,,bipolar,"When I didn't know I was bipolar, I just thought I was ADHD, I started taking Vyvanse for ADHD and experienced a fundamental and radical change in who I was as a person. Like every self doubt I ever had washed away, I had an amazing elevated mood, I could focus very well because I was doing a lot of mindfulness, and I had amazing goal directed behavior. I didn't know that I was hypomanic at the time, and I just thought the Vyvanse had fundamentally changed who I was for the better. My identity fundamentally changed from this experience, and ever since then I find myself with ocd like compulsions to be that person again. Its like my identity/personality is wrapped up in who I was during that episode, but who I actually am can't fulfill that identity. I am having a hard time moving past this, even though my mood is now normal. My anxiety around this has improved a lot with CBT, and mindfulness. I'm ramping up on lamictal, and that helps somewhat as well. Any advice would be appreciated, and thank you very much.",t2_g4d6c,False,,0,False,Wanting to be that person I was when I was hypomanic,"[{'e': 'text', 't': 'Support/Advice '}, {'a': ':shy:', 'e': 'emoji', 'u': 'https://emoji.redditmedia.com/r8r7jlred9za1_t5_2qnv4/shy'}]",r/bipolar,,False,,,0,,,False,t3_147pfj2,False,light,0.94,,public,42,0,{},,,False,[],,False,False,,{},Support/Advice :shy:,False,42,,False,False,self,False,,[],{},,True,,1686579983.0,richtext,,,,text,self.bipolar,False,"&lt;!-- SC_OFF --&gt;&lt;div class=""md""&gt;&lt;p&gt;When I didn&amp;#39;t know I was bipolar, I just thought I was ADHD, I started taking Vyvanse for ADHD and experienced a fundamental and radical change in who I was as a person. Like every self doubt I ever had washed away, I had an amazing elevated mood, I could focus very well because I was doing a lot of mindfulness, and I had amazing goal directed behavior. I didn&amp;#39;t know that I was hypomanic at the time, and I just thought the Vyvanse had fundamentally changed who I was for the better. My identity fundamentally changed from this experience, and ever since then I find myself with ocd like compulsions to be that person again. Its like my identity/personality is wrapped up in who I was during that episode, but who I actually am can&amp;#39;t fulfill that identity. I am having a hard time moving past this, even though my mood is now normal. My anxiety around this has improved a lot with CBT, and mindfulness. I&amp;#39;m ramping up on lamictal, and that helps somewhat as well. Any advice would be appreciated, and thank you very much.&lt;/p&gt;
&lt;/div&gt;&lt;!-- SC_ON --&gt;",,,,,False,False,False,False,False,[],[],False,3a0100b8-1a7b-11e3-9746-12313b04c5c2,False,False,False,,[],False,,,,t5_2qnv4,False,,,#50beb7,147pfj2,True,,noblepups,,26,True,,False,[],False,,/r/bipolar/comments/147pfj2/wanting_to_be_that_person_i_was_when_i_was/,,False,https://www.reddit.com/r/bipolar/comments/147pfj2/wanting_to_be_that_person_i_was_when_i_was/,196221,1686579983.0,0,,False,,,
20,,bipolar,"Three weeks ago today, the love of my life ended things with me. This isn‚Äôt the first time either. In fact, it‚Äôs the third time. He says he‚Äôs too fucked up and unsure of himself to be in a relationship. He has good reasons which I don‚Äôt want to get into, but he also has promised me the world and told me over and over how he didn‚Äôt want to lose me for the past year. 

I thought we would make it. I had faith. We‚Äôve been through so much. I feel so broken - not just because I miss him, but because I‚Äôve never had any relationship where my partner actually follows through on the things they say. Where they stick around. Where I trust them when they say they value and love me. 

I know in time things will get better, but I have been so deeply unhappy since the on and off started at the end of February. I know I deserve better but I wanted him to be better. 

The pain I‚Äôve felt is just as deep as the love I have felt for him and sometimes I envy people who don‚Äôt have a brain like mine. 

This is probably better for my notes app but just felt like sharing.",t2_mdfij5tb,False,,0,False,I am so broken,"[{'e': 'text', 't': 'Just Sharing'}]",r/bipolar,,False,,,0,,,False,t3_14855ld,False,light,0.81,,public,3,0,{},,,False,[],,False,False,,{},Just Sharing,False,3,,False,False,self,False,,[],{},,True,,1686626315.0,richtext,,,,text,self.bipolar,False,"&lt;!-- SC_OFF --&gt;&lt;div class=""md""&gt;&lt;p&gt;Three weeks ago today, the love of my life ended things with me. This isn‚Äôt the first time either. In fact, it‚Äôs the third time. He says he‚Äôs too fucked up and unsure of himself to be in a relationship. He has good reasons which I don‚Äôt want to get into, but he also has promised me the world and told me over and over how he didn‚Äôt want to lose me for the past year. &lt;/p&gt;

&lt;p&gt;I thought we would make it. I had faith. We‚Äôve been through so much. I feel so broken - not just because I miss him, but because I‚Äôve never had any relationship where my partner actually follows through on the things they say. Where they stick around. Where I trust them when they say they value and love me. &lt;/p&gt;

&lt;p&gt;I know in time things will get better, but I have been so deeply unhappy since the on and off started at the end of February. I know I deserve better but I wanted him to be better. &lt;/p&gt;

&lt;p&gt;The pain I‚Äôve felt is just as deep as the love I have felt for him and sometimes I envy people who don‚Äôt have a brain like mine. &lt;/p&gt;

&lt;p&gt;This is probably better for my notes app but just felt like sharing.&lt;/p&gt;
&lt;/div&gt;&lt;!-- SC_ON --&gt;",,,,,False,False,False,False,False,[],[],False,19cabdb6-e9ed-11ec-b83a-029c2d035f04,False,False,False,,[],False,,,,t5_2qnv4,False,,,#fa8072,14855ld,True,,FantasticFarmer5888,,4,True,,False,[],False,,/r/bipolar/comments/14855ld/i_am_so_broken/,,False,https://www.reddit.com/r/bipolar/comments/14855ld/i_am_so_broken/,196221,1686626315.0,0,,False,,,
21,,bipolar,"Anyone else ever feeled doomed? Like no matter what you do, you manage to mess up every relationship you've ever had or will have? Like people will think you're OK until they get to know you and then realize how broken you are? I take my meds, go to therapy, and desperately try to not mess up. But within the past week, I've been told by one person (date) that I went overboard on the emotions after only 2 dates and another new friend that, when trying not to hurt their feelings, I instead came across as rude, condescending, arrogant, entitled, etc. I feel like I just keep getting kicked while I'm down.

I'm to the point where I think I'd be better off just giving up on the idea of ever being in a relationship. Maybe I'm just too broken. 

Anyone else ever feel like this? Any advice on how to persevere? I'm over 40 y/o. I feel like I should be better than this by now.",t2_czo2n38dp,False,,0,False,Feeling doomed to failure,"[{'e': 'text', 't': 'Support/Advice '}, {'a': ':shy:', 'e': 'emoji', 'u': 'https://emoji.redditmedia.com/r8r7jlred9za1_t5_2qnv4/shy'}]",r/bipolar,,False,,,0,,,False,t3_147qy0j,False,light,0.89,,public,28,0,{},,,False,[],,False,False,,{},Support/Advice :shy:,False,28,,False,False,self,False,,[],{},,True,,1686586775.0,richtext,,,,text,self.bipolar,False,"&lt;!-- SC_OFF --&gt;&lt;div class=""md""&gt;&lt;p&gt;Anyone else ever feeled doomed? Like no matter what you do, you manage to mess up every relationship you&amp;#39;ve ever had or will have? Like people will think you&amp;#39;re OK until they get to know you and then realize how broken you are? I take my meds, go to therapy, and desperately try to not mess up. But within the past week, I&amp;#39;ve been told by one person (date) that I went overboard on the emotions after only 2 dates and another new friend that, when trying not to hurt their feelings, I instead came across as rude, condescending, arrogant, entitled, etc. I feel like I just keep getting kicked while I&amp;#39;m down.&lt;/p&gt;

&lt;p&gt;I&amp;#39;m to the point where I think I&amp;#39;d be better off just giving up on the idea of ever being in a relationship. Maybe I&amp;#39;m just too broken. &lt;/p&gt;

&lt;p&gt;Anyone else ever feel like this? Any advice on how to persevere? I&amp;#39;m over 40 y/o. I feel like I should be better than this by now.&lt;/p&gt;
&lt;/div&gt;&lt;!-- SC_ON --&gt;",,,,,False,False,False,False,False,[],[],False,3a0100b8-1a7b-11e3-9746-12313b04c5c2,False,False,False,,[],False,,,,t5_2qnv4,False,,,#50beb7,147qy0j,True,,CandleNo3934,,8,True,,False,[],False,,/r/bipolar/comments/147qy0j/feeling_doomed_to_failure/,,False,https://www.reddit.com/r/bipolar/comments/147qy0j/feeling_doomed_to_failure/,196221,1686586775.0,0,,False,,,
22,,bipolar,"Hey 


I‚Äôve always had pretty low self esteem and my brain gets stuck in the past a lot. Like daily. My brain flashes back to the parts of me that were I was at my lowest. When my behavior was awful, cringe or plain sad I suffer from BPD, BP with major depression.  (I‚Äôve been in therapy for 4 years &amp; stable on meds for 2) 

My body was hit with a chronic pain disorder and it‚Äôs really awful. I couldn‚Äôt even walk for a few weeks. Somehow, I‚Äôve made 2 dreams come true; become a full timer writer and financially support myself. 

As a disabled person it‚Äôs a miracle to be functional enough to work a full time job. another miracle that I can work remotely and that my salary is really good (unless you live in an over price city like New York. üôãüèΩ‚Äç‚ôÄÔ∏è) 

Life is still hard but I‚Äôm really lucky, especially given my circumstances. 
But it‚Äôs so hard to be proud of myself and let the past go to the parts of my brain I don‚Äôt need to rewind to. I can‚Äôt emotionally connect with being proud of myself anymore. I can‚Äôt connect my gratitude for certain things to my actions. I‚Äôm grateful to have a roof over my head, but I can‚Äôt link that back to the positive ways I‚Äôm living my life. 

Yes, Life has been but there are things I‚Äôve done that have made it harder. 

But the way every mistake I‚Äôve made resurfaces is haunting. The scenes are more powerful than my ability to live in the moment. I want to change the way my brain operates and I don‚Äôt really know how. Affirmations and scripting has help me to have a base level amount of self respect and love. That‚Äôs pretty miraculous but I also don‚Äôt credit myself for the change, I say it happened because I refuse to be in constant pain and being disrespected by someone. 

I‚Äôve had waves of it being easier to feel pride but it‚Äôs just until it the accomplishment become part of the mundane. 

I wonder what people without mental illnesses think about every day. 

Do they feel so overwhelmed by their thoughts?  Does speaking to people feels like a chore? 

I really want to be happy. Live in the moment, embodying the pride I should feel rather than shame. 

Normal brained. 

How did you get better?",t2_tz9dvj0y,False,,0,False,Is your brain this crazy? How to forgive and forget my past self,"[{'e': 'text', 't': 'Support/Advice '}, {'a': ':shy:', 'e': 'emoji', 'u': 'https://emoji.redditmedia.com/r8r7jlred9za1_t5_2qnv4/shy'}]",r/bipolar,,False,,,0,,,False,t3_147xurs,False,light,0.85,,public,8,0,{},,,False,[],,False,False,,{},Support/Advice :shy:,False,8,,False,False,self,False,,[],{},,True,,1686604411.0,richtext,,,,text,self.bipolar,False,"&lt;!-- SC_OFF --&gt;&lt;div class=""md""&gt;&lt;p&gt;Hey &lt;/p&gt;

&lt;p&gt;I‚Äôve always had pretty low self esteem and my brain gets stuck in the past a lot. Like daily. My brain flashes back to the parts of me that were I was at my lowest. When my behavior was awful, cringe or plain sad I suffer from BPD, BP with major depression.  (I‚Äôve been in therapy for 4 years &amp;amp; stable on meds for 2) &lt;/p&gt;

&lt;p&gt;My body was hit with a chronic pain disorder and it‚Äôs really awful. I couldn‚Äôt even walk for a few weeks. Somehow, I‚Äôve made 2 dreams come true; become a full timer writer and financially support myself. &lt;/p&gt;

&lt;p&gt;As a disabled person it‚Äôs a miracle to be functional enough to work a full time job. another miracle that I can work remotely and that my salary is really good (unless you live in an over price city like New York. üôãüèΩ‚Äç‚ôÄÔ∏è) &lt;/p&gt;

&lt;p&gt;Life is still hard but I‚Äôm really lucky, especially given my circumstances. 
But it‚Äôs so hard to be proud of myself and let the past go to the parts of my brain I don‚Äôt need to rewind to. I can‚Äôt emotionally connect with being proud of myself anymore. I can‚Äôt connect my gratitude for certain things to my actions. I‚Äôm grateful to have a roof over my head, but I can‚Äôt link that back to the positive ways I‚Äôm living my life. &lt;/p&gt;

&lt;p&gt;Yes, Life has been but there are things I‚Äôve done that have made it harder. &lt;/p&gt;

&lt;p&gt;But the way every mistake I‚Äôve made resurfaces is haunting. The scenes are more powerful than my ability to live in the moment. I want to change the way my brain operates and I don‚Äôt really know how. Affirmations and scripting has help me to have a base level amount of self respect and love. That‚Äôs pretty miraculous but I also don‚Äôt credit myself for the change, I say it happened because I refuse to be in constant pain and being disrespected by someone. &lt;/p&gt;

&lt;p&gt;I‚Äôve had waves of it being easier to feel pride but it‚Äôs just until it the accomplishment become part of the mundane. &lt;/p&gt;

&lt;p&gt;I wonder what people without mental illnesses think about every day. &lt;/p&gt;

&lt;p&gt;Do they feel so overwhelmed by their thoughts?  Does speaking to people feels like a chore? &lt;/p&gt;

&lt;p&gt;I really want to be happy. Live in the moment, embodying the pride I should feel rather than shame. &lt;/p&gt;

&lt;p&gt;Normal brained. &lt;/p&gt;

&lt;p&gt;How did you get better?&lt;/p&gt;
&lt;/div&gt;&lt;!-- SC_ON --&gt;",,,,,False,False,False,False,False,[],[],False,3a0100b8-1a7b-11e3-9746-12313b04c5c2,False,False,False,,[],False,,,,t5_2qnv4,False,,,#50beb7,147xurs,True,,sendmeback2marz,,2,True,,False,[],False,,/r/bipolar/comments/147xurs/is_your_brain_this_crazy_how_to_forgive_and/,,False,https://www.reddit.com/r/bipolar/comments/147xurs/is_your_brain_this_crazy_how_to_forgive_and/,196221,1686604411.0,0,,False,,,
23,,bipolar,"The last 3 years have been a lot for me mentally. I finished grad school, passed my board exams, had a baby, and started a new job straight out of maternity leave. I felt like I had lost all creativity ability to focus on anything that used to be mine. It was all about my son, my family, my job and just trying to hide the constant mixed/manic episodes. It‚Äôs been a really rough road but I feel like I‚Äôm thawing out and coming back to life. My skills may be rusty but I was able to freely draw: things I saw, things I made up, things that were silly, and things that were very just very random. I did it with relaxation. Nothing more. Just feeling calm and in the moment.

I‚Äôm proud that I‚Äôm starting to get back to me.",t2_7zvuyfx9t,False,,0,False,I drew for the first time in 3 years!,"[{'e': 'text', 't': 'Just Sharing'}]",r/bipolar,,False,,,0,,,False,t3_14830wo,False,light,0.81,,public,3,0,{},,,False,[],,False,False,,{},Just Sharing,False,3,,False,False,self,False,,[],{},,True,,1686619473.0,richtext,,,,text,self.bipolar,False,"&lt;!-- SC_OFF --&gt;&lt;div class=""md""&gt;&lt;p&gt;The last 3 years have been a lot for me mentally. I finished grad school, passed my board exams, had a baby, and started a new job straight out of maternity leave. I felt like I had lost all creativity ability to focus on anything that used to be mine. It was all about my son, my family, my job and just trying to hide the constant mixed/manic episodes. It‚Äôs been a really rough road but I feel like I‚Äôm thawing out and coming back to life. My skills may be rusty but I was able to freely draw: things I saw, things I made up, things that were silly, and things that were very just very random. I did it with relaxation. Nothing more. Just feeling calm and in the moment.&lt;/p&gt;

&lt;p&gt;I‚Äôm proud that I‚Äôm starting to get back to me.&lt;/p&gt;
&lt;/div&gt;&lt;!-- SC_ON --&gt;",,top,,,False,False,False,False,False,[],[],False,19cabdb6-e9ed-11ec-b83a-029c2d035f04,False,False,False,,[],False,,,,t5_2qnv4,False,,,#fa8072,14830wo,True,,Suspicious_Sir_4940,,1,True,,False,[],False,,/r/bipolar/comments/14830wo/i_drew_for_the_first_time_in_3_years/,,False,https://www.reddit.com/r/bipolar/comments/14830wo/i_drew_for_the_first_time_in_3_years/,196221,1686619473.0,0,,False,,,
24,,bipolar,"Long story short I decided in a manic episode that I was going to break my apartment lease. I convinced myself I was going to take out a loan and pay off the remainder of it because I got in my head that I needed to move to be happy. 

My parents talked me out of making this horrendous life decision that probably would‚Äôve ruined me financially and tank my credit score. 

Been a bad couple of days now that I‚Äôm coming down from the manic high.",t2_mg7eqr7o,False,,0,False,I almost ruined my life yesterday,"[{'e': 'text', 't': 'Just Sharing'}]",r/bipolar,,False,,,0,,,False,t3_148044g,False,light,0.86,#ecb493,public,5,0,{},,d7d50712-4eee-11e1-9b3f-12313b08a511,False,[],,False,False,,{},Just Sharing,False,5,,False,False,self,False,,"[{'e': 'text', 't': 'Bipolar + Comorbidities'}]",{},,True,,1686610627.0,richtext,,,,richtext,self.bipolar,False,"&lt;!-- SC_OFF --&gt;&lt;div class=""md""&gt;&lt;p&gt;Long story short I decided in a manic episode that I was going to break my apartment lease. I convinced myself I was going to take out a loan and pay off the remainder of it because I got in my head that I needed to move to be happy. &lt;/p&gt;

&lt;p&gt;My parents talked me out of making this horrendous life decision that probably would‚Äôve ruined me financially and tank my credit score. &lt;/p&gt;

&lt;p&gt;Been a bad couple of days now that I‚Äôm coming down from the manic high.&lt;/p&gt;
&lt;/div&gt;&lt;!-- SC_ON --&gt;",,,,,False,False,False,False,False,[],[],False,19cabdb6-e9ed-11ec-b83a-029c2d035f04,False,False,False,Bipolar + Comorbidities,[],False,,,,t5_2qnv4,False,,,#fa8072,148044g,True,,hurtthatowl,,3,True,,False,[],False,light,/r/bipolar/comments/148044g/i_almost_ruined_my_life_yesterday/,,False,https://www.reddit.com/r/bipolar/comments/148044g/i_almost_ruined_my_life_yesterday/,196221,1686610627.0,0,,False,,,
25,,bipolar,"I was diagnosed with BD2 last year and it took me six months to accept it. I am still to this day looking back on my behavior and realizing how it was me being hypomanic. I have recently developed a fear that I‚Äôll progress to BD1 someday. I also have a fear I‚Äôll have psychosis one day. I take my meds everyday, but that fear still persists. Can anyone relate?",t2_tc6rc618,False,,0,False,"Those with BD2, do you have a fear of becoming BD1 someday?","[{'e': 'text', 't': 'Discussion '}, {'a': ':nervous:', 'e': 'emoji', 'u': 'https://emoji.redditmedia.com/v9pgzsvbd9za1_t5_2qnv4/nervous'}]",r/bipolar,,False,,,0,,,False,t3_1483t4k,False,light,1.0,#ecb493,public,3,0,{},,d7d50712-4eee-11e1-9b3f-12313b08a511,False,[],,False,False,,{},Discussion :nervous:,False,3,,False,False,self,False,,"[{'e': 'text', 't': 'Bipolar + Comorbidities'}]",{},,True,,1686621977.0,richtext,,,,richtext,self.bipolar,False,"&lt;!-- SC_OFF --&gt;&lt;div class=""md""&gt;&lt;p&gt;I was diagnosed with BD2 last year and it took me six months to accept it. I am still to this day looking back on my behavior and realizing how it was me being hypomanic. I have recently developed a fear that I‚Äôll progress to BD1 someday. I also have a fear I‚Äôll have psychosis one day. I take my meds everyday, but that fear still persists. Can anyone relate?&lt;/p&gt;
&lt;/div&gt;&lt;!-- SC_ON --&gt;",,top,,,False,False,False,False,False,[],[],False,8885c358-e44e-11ec-9bf1-c6e6c22e188f,False,False,False,Bipolar + Comorbidities,[],False,,,,t5_2qnv4,False,,,#a37bdb,1483t4k,True,,peascreateveganfood,,4,True,,False,[],False,light,/r/bipolar/comments/1483t4k/those_with_bd2_do_you_have_a_fear_of_becoming_bd1/,,False,https://www.reddit.com/r/bipolar/comments/1483t4k/those_with_bd2_do_you_have_a_fear_of_becoming_bd1/,196221,1686621977.0,0,,False,,,
26,,bipolar,"I'm not looking for really anything just want to vent and hope someone can relate.

Ive been in and out of mental wards 5x. Im in my early 20's I'm very introverted and socially awkward. 
I've always been told to be extroverted it will make you happy because humans are meant to make connections with others. 

Anytime I socialize I over share , I have 2 friends and I'm pretty sure they both hate me because 1 never responds the other just ghosts me. Said I was thinking about offing myself to 1 of them (havnt talked to this 1 friend since highschool just recently started talking and hung out 1x) I had a crush on them in highschool they are very aware of it but years after I see this person as a friend, nothing more. 

They said to go get therapy but I can't because I have no insurance, can't get a job because legally I can't drive due to double vision nor can my mom drop me off at any job because of her own job. 

I try to be social like going to a local fair we have every year but I have no friends and my mom won't go with me.

I have ADHD, Panic Disorder, BPD (I think it's autism because it doesn't happen unless I'm over stimulated) OCD, and insomnia.

Havnt seen a physician in 4 years so no telling what problems I have physically.

I forget to drink water and eat. My right kidney is in constant pain, severe migraine. I can't ask for help because my brother needs mental help and has asked for some help, I don't want to worry my mom and family because they think I'm doing so good and I'm happy. 

Truth is, I'm scared to be happy because for over 20 years , I'll be doing good in life, happy ect. Then shit hits the fan, rinse and repeat.
 
Don't want to be happy anymore I just want to die. My grandmother offed herself June 16 a few years ago. As little as I met her as a child around June I'm nothing but depressed and when I realize what month it is it hits different. I can't off myself because I know it would push a family member to drink again and I can't do that to them plus if I fail I'll be admitted back to the ward. 

I will not go out of my way to off myself but at the same time I'll just let natural selection happen and hope it does the job.

Sorry for the long rant just wanted to vent.",t2_uyjs1wp2,False,,0,False,I'm not as happy as my family may believe,"[{'e': 'text', 't': 'Rant '}, {'a': ':angry-cry:', 'e': 'emoji', 'u': 'https://emoji.redditmedia.com/kns090pd89za1_t5_2qnv4/angry-cry'}]",r/bipolar,,False,,,0,,,False,t3_1485pwl,False,light,1.0,,public,2,0,{},,,False,[],,False,False,,{},Rant :angry-cry:,False,2,,False,False,nsfw,False,,[],{},,True,,1686628226.0,richtext,,,,text,self.bipolar,False,"&lt;!-- SC_OFF --&gt;&lt;div class=""md""&gt;&lt;p&gt;I&amp;#39;m not looking for really anything just want to vent and hope someone can relate.&lt;/p&gt;

&lt;p&gt;Ive been in and out of mental wards 5x. Im in my early 20&amp;#39;s I&amp;#39;m very introverted and socially awkward. 
I&amp;#39;ve always been told to be extroverted it will make you happy because humans are meant to make connections with others. &lt;/p&gt;

&lt;p&gt;Anytime I socialize I over share , I have 2 friends and I&amp;#39;m pretty sure they both hate me because 1 never responds the other just ghosts me. Said I was thinking about offing myself to 1 of them (havnt talked to this 1 friend since highschool just recently started talking and hung out 1x) I had a crush on them in highschool they are very aware of it but years after I see this person as a friend, nothing more. &lt;/p&gt;

&lt;p&gt;They said to go get therapy but I can&amp;#39;t because I have no insurance, can&amp;#39;t get a job because legally I can&amp;#39;t drive due to double vision nor can my mom drop me off at any job because of her own job. &lt;/p&gt;

&lt;p&gt;I try to be social like going to a local fair we have every year but I have no friends and my mom won&amp;#39;t go with me.&lt;/p&gt;

&lt;p&gt;I have ADHD, Panic Disorder, BPD (I think it&amp;#39;s autism because it doesn&amp;#39;t happen unless I&amp;#39;m over stimulated) OCD, and insomnia.&lt;/p&gt;

&lt;p&gt;Havnt seen a physician in 4 years so no telling what problems I have physically.&lt;/p&gt;

&lt;p&gt;I forget to drink water and eat. My right kidney is in constant pain, severe migraine. I can&amp;#39;t ask for help because my brother needs mental help and has asked for some help, I don&amp;#39;t want to worry my mom and family because they think I&amp;#39;m doing so good and I&amp;#39;m happy. &lt;/p&gt;

&lt;p&gt;Truth is, I&amp;#39;m scared to be happy because for over 20 years , I&amp;#39;ll be doing good in life, happy ect. Then shit hits the fan, rinse and repeat.&lt;/p&gt;

&lt;p&gt;Don&amp;#39;t want to be happy anymore I just want to die. My grandmother offed herself June 16 a few years ago. As little as I met her as a child around June I&amp;#39;m nothing but depressed and when I realize what month it is it hits different. I can&amp;#39;t off myself because I know it would push a family member to drink again and I can&amp;#39;t do that to them plus if I fail I&amp;#39;ll be admitted back to the ward. &lt;/p&gt;

&lt;p&gt;I will not go out of my way to off myself but at the same time I&amp;#39;ll just let natural selection happen and hope it does the job.&lt;/p&gt;

&lt;p&gt;Sorry for the long rant just wanted to vent.&lt;/p&gt;
&lt;/div&gt;&lt;!-- SC_ON --&gt;",,top,,,False,False,False,False,True,[],[],False,e3c5a90c-37c5-11ed-be75-f6def89c9511,False,False,False,,[],False,,,,t5_2qnv4,False,,,#f95644,1485pwl,True,,NoShame75,,1,True,,False,[],False,,/r/bipolar/comments/1485pwl/im_not_as_happy_as_my_family_may_believe/,,False,https://www.reddit.com/r/bipolar/comments/1485pwl/im_not_as_happy_as_my_family_may_believe/,196221,1686628226.0,0,,False,,,
